{
    "providers": [
        {
            "type": "bitmap",
            "file": "minecraft:ranks/admin.png",
            "ascent": 8,
            "height": 8,
            "chars": ["␛"]
	},
{
            "type": "bitmap",
            "file": "minecraft:ranks/adminbyrg.png",
            "ascent": 8,
            "height": 8,
            "chars": [""]
        },
        {
            "type": "bitmap",
            "file": "minecraft:ranks/builder.png",
            "ascent": 8,
            "height": 8,
            "chars": ["␡"]
        },
        {
            "type": "bitmap",
            "file": "minecraft:ranks/canapus.png",
            "ascent": 8,
            "height": 8,
            "chars": ["␚"]
        },
        {
            "type": "bitmap",
            "file": "minecraft:ranks/cassiopeia.png",
            "ascent": 8,
            "height": 8,
            "chars": ["␟"]
        },
        {
            "type": "bitmap",
            "file": "minecraft:ranks/dev.png",
            "ascent": 8,
            "height": 8,
            "chars": ["␘"]
        },
        {
            "type": "bitmap",
            "file": "minecraft:ranks/guest.png",
            "ascent": 8,
            "height": 8,
            "chars": ["␠"]
        },
        {
            "type": "bitmap",
            "file": "minecraft:ranks/helper.png",
            "ascent": 8,
            "height": 8,
            "chars": ["␤"]
        },
        {
            "type": "bitmap",
            "file": "minecraft:ranks/kyunepa.png",
            "ascent": 8,
            "height": 8,
            "chars": ["␋"]
        },
        {
            "type": "bitmap",
            "file": "minecraft:ranks/litore.png",
            "ascent": 8,
            "height": 8,
            "chars": ["␌"]
        },
        {
            "type": "bitmap",
            "file": "minecraft:ranks/mediabyrg.png",
            "ascent": 8,
            "height": 8,
            "chars": ["␍"]
        },
        {
            "type": "bitmap",
            "file": "minecraft:ranks/owner.png",
            "ascent": 8,
            "height": 8,
            "chars": ["␎"]
        },
        {
            "type": "bitmap",
            "file": "minecraft:ranks/procyon.png",
            "ascent": 8,
            "height": 8,
            "chars": ["␏"]
        },
        {
            "type": "bitmap",
            "file": "minecraft:ranks/tiktokbyrg.png",
            "ascent": 8,
            "height": 8,
            "chars": ["␐"]
        },
        {
            "type": "bitmap",
            "file": "minecraft:ranks/trainee.png",
            "ascent": 8,
            "height": 8,
            "chars": ["␑"]
        },
        {
            "type": "bitmap",
            "file": "minecraft:ranks/twitchbyrg.png",
            "ascent": 8,
            "height": 8,
            "chars": ["␒"]
        },
{
            "type": "bitmap",
            "file": "minecraft:ranks/click.png",
            "ascent": 8,
            "height": 8,
            "chars": ["␝"]
        },
        {
            "type": "bitmap",
            "file": "minecraft:ranks/youtubebyrg.png",
            "ascent": 8,
            "height": 8,
            "chars": ["␓"]
        }
    ]
}